{
  "Target_ISO": "ERCOT",
  "Simulation_Mode": "Dispatch Execution",
  "Optimal_Electrolyzer_Capacity_MW": 200.0,
  "Optimal_Battery_Capacity_MWh": 0.0,
  "Optimal_Battery_Power_MW": 0.0,
  "Optimal_H2_Storage_Capacity_kg": 27440.073159779422,
  "Optimal_H2_Constant_Sales_Rate_kg_hr": 4504.1745966128165,
  "Total_Revenue_USD": 291756795.2360925,
  "Total_Energy_Revenue_USD": 42719584.819861524,
  "Total_Hydrogen_Revenue_USD": 241593194.0705899,
  "Total_Hydrogen_Sales_Revenue_USD": 118356195.87519498,
  "Total_Hydrogen_Subsidy_Revenue_USD": 123236998.19539493,
  "Total_Ancillary_Revenue_USD": 7444016.345641108,
  "Total_Hourly_Opex_USD": 137892002.99224344,
  "Total_NPP_Opex_USD": 123891919.84182867,
  "Total_H2_Battery_Opex_USD": 14000083.150414815,
  "Total_VOM_Cost_USD": 15157523.503951026,
  "Total_Water_Cost_USD": 1232369.9819539485,
  "Total_Ramping_Cost_USD": 8798.859436538147,
  "Total_Storage_Cycle_Cost_USD": 805310.6469019662,
  "Total_Startup_Cost_USD": 0.0,
  "Total_Fuel_NPP_Cost_USD": 33288000.0,
  "Total_Fixed_OM_NPP_Cost_USD": 87400000.00000001,
  "Total_Annualized_Capex_USD": 26565673.18160316,
  "Electrolyzer_Annualized_Capex_USD": 26182500.0,
  "Battery_Annualized_Capex_USD": 0.0,
  "H2_Storage_Annualized_Capex_USD": 383173.1816031599,
  "Total_Profit_Calculated_USD": 127299119.0622459,
  "Objective_Value_USD": 214699119.06221262,
  "Total_H2_Produced_kg": 41078999.39846496,
  "Total_H2_to_Market_Direct_kg": 0.0,
  "Total_H2_from_Storage_kg": 39452065.29173165,
  "Final_H2_Storage_Level_kg": 5209.9291368542945,
  "Electrolyzer_Capacity_Factor_Actual": 0.9888163971711303,
  "Total_Electrolyzer_Startups": 0,
  "Final_DegradationState_Units": 0.0,
  "Total_Deployed_ECRS_MWh": 212.01241306328632,
  "Total_Deployed_NSR_MWh": 0.0,
  "Total_Deployed_RegDown_MWh": 20072.703378782975,
  "Total_Deployed_RegUp_MWh": 70909.03598998826,
  "Total_Deployed_SR_MWh": 14.335268791538624
}