{
  "Target_ISO": "ERCOT",
  "Simulation_Mode": "Dispatch Execution",
  "Optimal_Electrolyzer_Capacity_MW": 200.0,
  "Optimal_Battery_Capacity_MWh": 0.0,
  "Optimal_Battery_Power_MW": 0.0,
  "Optimal_H2_Storage_Capacity_kg": 25635.651512889828,
  "Optimal_H2_Constant_Sales_Rate_kg_hr": 4505.815692684304,
  "Total_Revenue_USD": 295031485.8996403,
  "Total_Energy_Revenue_USD": 42692751.96119763,
  "Total_Hydrogen_Revenue_USD": 241681353.34837958,
  "Total_Hydrogen_Sales_Revenue_USD": 118399318.95666543,
  "Total_Hydrogen_Subsidy_Revenue_USD": 123282034.39171426,
  "Total_Ancillary_Revenue_USD": 10657380.590062957,
  "Total_Hourly_Opex_USD": 137900075.38015813,
  "Total_NPP_Opex_USD": 123891874.20514974,
  "Total_H2_Battery_Opex_USD": 14008201.175008385,
  "Total_VOM_Cost_USD": 15161740.063412048,
  "Total_Water_Cost_USD": 1232820.343917142,
  "Total_Ramping_Cost_USD": 11910.461667653866,
  "Total_Storage_Cycle_Cost_USD": 805604.5111612655,
  "Total_Startup_Cost_USD": 0.0,
  "Total_Fuel_NPP_Cost_USD": 33288000.0,
  "Total_Fixed_OM_NPP_Cost_USD": 87400000.00000001,
  "Total_Annualized_Capex_USD": 26540476.23772599,
  "Electrolyzer_Annualized_Capex_USD": 26182500.0,
  "Battery_Annualized_Capex_USD": 0.0,
  "H2_Storage_Annualized_Capex_USD": 357976.23772599356,
  "Total_Profit_Calculated_USD": 130590934.2817562,
  "Objective_Value_USD": 217990934.28171274,
  "Total_H2_Produced_kg": 41094011.463904746,
  "Total_H2_to_Market_Direct_kg": 0.0,
  "Total_H2_from_Storage_kg": 39466439.65222183,
  "Final_H2_Storage_Level_kg": 5254.038481927624,
  "Electrolyzer_Capacity_Factor_Actual": 0.9891689711354578,
  "Total_Electrolyzer_Startups": 0,
  "Final_DegradationState_Units": 0.0,
  "Total_Deployed_ECRS_MWh": 330.00463143259503,
  "Total_Deployed_NSR_MWh": 0.0,
  "Total_Deployed_RegDown_MWh": 20404.79199218785,
  "Total_Deployed_RegUp_MWh": 72092.39733118136,
  "Total_Deployed_SR_MWh": 32.16237
}