{
  "Target_ISO": "ERCOT",
  "Simulation_Mode": "Dispatch Execution",
  "Optimal_Electrolyzer_Capacity_MW": 300.0,
  "Optimal_Battery_Capacity_MWh": 0.0,
  "Optimal_Battery_Power_MW": 0.0,
  "Optimal_H2_Storage_Capacity_kg": 24605.219386229815,
  "Optimal_H2_Constant_Sales_Rate_kg_hr": 4761.678903780408,
  "Total_Revenue_USD": 318461757.9443461,
  "Total_Energy_Revenue_USD": 39122294.03669338,
  "Total_Hydrogen_Revenue_USD": 255405061.97225648,
  "Total_Hydrogen_Sales_Revenue_USD": 125122636.55463782,
  "Total_Hydrogen_Subsidy_Revenue_USD": 130282425.41761863,
  "Total_Ancillary_Revenue_USD": 23934401.935396317,
  "Total_Hourly_Opex_USD": 138672341.61776465,
  "Total_NPP_Opex_USD": 123884780.47557683,
  "Total_H2_Battery_Opex_USD": 14787561.142187875,
  "Total_VOM_Cost_USD": 15820623.346562421,
  "Total_Water_Cost_USD": 1302824.2541761862,
  "Total_Ramping_Cost_USD": 9543.810451899553,
  "Total_Storage_Cycle_Cost_USD": 851350.2065741878,
  "Total_Startup_Cost_USD": 0.0,
  "Total_Fuel_NPP_Cost_USD": 33288000.0,
  "Total_Fixed_OM_NPP_Cost_USD": 87400000.00000001,
  "Total_Annualized_Capex_USD": 39617337.283509314,
  "Electrolyzer_Annualized_Capex_USD": 39273750.0,
  "Battery_Annualized_Capex_USD": 0.0,
  "H2_Storage_Annualized_Capex_USD": 343587.2835093131,
  "Total_Profit_Calculated_USD": 140172079.0430721,
  "Objective_Value_USD": 227572079.0430705,
  "Total_H2_Produced_kg": 43427475.13920621,
  "Total_H2_to_Market_Direct_kg": 0.0,
  "Total_H2_from_Storage_kg": 41707545.51821261,
  "Final_H2_Storage_Level_kg": 5205.719878671399,
  "Electrolyzer_Capacity_Factor_Actual": 0.6961729243037966,
  "Total_Electrolyzer_Startups": 0,
  "Final_DegradationState_Units": 0.0,
  "Total_Deployed_ECRS_MWh": 10696.743219488588,
  "Total_Deployed_NSR_MWh": 49.5601041850163,
  "Total_Deployed_RegDown_MWh": 103968.68389619184,
  "Total_Deployed_RegUp_MWh": 366517.3368933709,
  "Total_Deployed_SR_MWh": 1072.0302610683489
}