{
  "Target_ISO": "ERCOT",
  "Simulation_Mode": "Dispatch Execution",
  "Optimal_Electrolyzer_Capacity_MW": 200.0,
  "Optimal_Battery_Capacity_MWh": 0.0,
  "Optimal_Battery_Power_MW": 0.0,
  "Optimal_H2_Storage_Capacity_kg": 28848.018306295016,
  "Optimal_H2_Constant_Sales_Rate_kg_hr": 4496.326367407945,
  "Total_Revenue_USD": 294180141.7085314,
  "Total_Energy_Revenue_USD": 42944167.704851046,
  "Total_Hydrogen_Revenue_USD": 241172518.1119332,
  "Total_Hydrogen_Sales_Revenue_USD": 118149967.95637855,
  "Total_Hydrogen_Subsidy_Revenue_USD": 123022550.15555462,
  "Total_Ancillary_Revenue_USD": 10063455.891747203,
  "Total_Hourly_Opex_USD": 137871371.83806664,
  "Total_NPP_Opex_USD": 123892137.14917572,
  "Total_H2_Battery_Opex_USD": 13979234.688890928,
  "Total_VOM_Cost_USD": 15137335.652755808,
  "Total_Water_Cost_USD": 1230225.5015555455,
  "Total_Ramping_Cost_USD": 11902.290048835768,
  "Total_Storage_Cycle_Cost_USD": 803908.3937064441,
  "Total_Startup_Cost_USD": 0.0,
  "Total_Fuel_NPP_Cost_USD": 33288000.0,
  "Total_Fixed_OM_NPP_Cost_USD": 87400000.00000001,
  "Total_Annualized_Capex_USD": 26585333.727629103,
  "Electrolyzer_Annualized_Capex_USD": 26182500.0,
  "Battery_Annualized_Capex_USD": 0.0,
  "H2_Storage_Annualized_Capex_USD": 402833.72762910364,
  "Total_Profit_Calculated_USD": 129723436.14283565,
  "Objective_Value_USD": 217123436.14281434,
  "Total_H2_Produced_kg": 41007516.718518205,
  "Total_H2_to_Market_Direct_kg": 0.0,
  "Total_H2_from_Storage_kg": 39383322.652126186,
  "Final_H2_Storage_Level_kg": 5302.453406807003,
  "Electrolyzer_Capacity_Factor_Actual": 0.9871284580421633,
  "Total_Electrolyzer_Startups": 0,
  "Final_DegradationState_Units": 0.0,
  "Total_Deployed_ECRS_MWh": 282.03619774692993,
  "Total_Deployed_NSR_MWh": 0.0,
  "Total_Deployed_RegDown_MWh": 20720.984650572853,
  "Total_Deployed_RegUp_MWh": 73254.19956778851,
  "Total_Deployed_SR_MWh": 55.729896
}