{
  "Target_ISO": "ERCOT",
  "Simulation_Mode": "Dispatch Execution",
  "Optimal_Electrolyzer_Capacity_MW": 250.0,
  "Optimal_Battery_Capacity_MWh": 0.0,
  "Optimal_Battery_Power_MW": 0.0,
  "Optimal_H2_Storage_Capacity_kg": 25000.37563503917,
  "Optimal_H2_Constant_Sales_Rate_kg_hr": 4755.899164727934,
  "Total_Revenue_USD": 311744992.1533877,
  "Total_Energy_Revenue_USD": 39785314.69406206,
  "Total_Hydrogen_Revenue_USD": 255095141.63527614,
  "Total_Hydrogen_Sales_Revenue_USD": 124970762.35155596,
  "Total_Hydrogen_Subsidy_Revenue_USD": 130124379.28372028,
  "Total_Ancillary_Revenue_USD": 16864535.824049465,
  "Total_Hourly_Opex_USD": 138656470.23016015,
  "Total_NPP_Opex_USD": 123884940.62899251,
  "Total_H2_Battery_Opex_USD": 14771529.601167595,
  "Total_VOM_Cost_USD": 15805749.331329541,
  "Total_Water_Cost_USD": 1301243.7928372028,
  "Total_Ramping_Cost_USD": 11159.967209094782,
  "Total_Storage_Cycle_Cost_USD": 850317.1387842537,
  "Total_Startup_Cost_USD": 0.0,
  "Total_Fuel_NPP_Cost_USD": 33288000.0,
  "Total_Fixed_OM_NPP_Cost_USD": 87400000.00000001,
  "Total_Annualized_Capex_USD": 33077230.245367687,
  "Electrolyzer_Annualized_Capex_USD": 32728125.0,
  "Battery_Annualized_Capex_USD": 0.0,
  "H2_Storage_Annualized_Capex_USD": 349105.24536768696,
  "Total_Profit_Calculated_USD": 140011291.6778599,
  "Objective_Value_USD": 227411291.67783618,
  "Total_H2_Produced_kg": 43374793.09457343,
  "Total_H2_to_Market_Direct_kg": 0.0,
  "Total_H2_from_Storage_kg": 41656920.783851966,
  "Final_H2_Storage_Level_kg": 5235.208343224826,
  "Electrolyzer_Capacity_Factor_Actual": 0.8344125936296105,
  "Total_Electrolyzer_Startups": 0,
  "Final_DegradationState_Units": 0.0,
  "Total_Deployed_ECRS_MWh": 8061.777892572863,
  "Total_Deployed_NSR_MWh": 58.763745947667985,
  "Total_Deployed_RegDown_MWh": 57381.77675466115,
  "Total_Deployed_RegUp_MWh": 202399.2892402361,
  "Total_Deployed_SR_MWh": 942.5465977062527
}