{
  "Target_ISO": "ERCOT",
  "Simulation_Mode": "Dispatch Execution",
  "Optimal_Electrolyzer_Capacity_MW": 100.0,
  "Optimal_Battery_Capacity_MWh": 0.0,
  "Optimal_Battery_Power_MW": 0.0,
  "Optimal_H2_Storage_Capacity_kg": 12350.580086873271,
  "Optimal_H2_Constant_Sales_Rate_kg_hr": 2217.22736154858,
  "Total_Revenue_USD": 187150750.7192671,
  "Total_Energy_Revenue_USD": 64156575.989417516,
  "Total_Hydrogen_Revenue_USD": 118927425.89037427,
  "Total_Hydrogen_Sales_Revenue_USD": 58262423.94917224,
  "Total_Hydrogen_Subsidy_Revenue_USD": 60665001.94120199,
  "Total_Ancillary_Revenue_USD": 4066748.8394753356,
  "Total_Hourly_Opex_USD": 130963077.78717339,
  "Total_NPP_Opex_USD": 123955326.13151823,
  "Total_H2_Battery_Opex_USD": 7007751.655655207,
  "Total_VOM_Cost_USD": 9268086.582529696,
  "Total_Water_Cost_USD": 606650.0194120201,
  "Total_Ramping_Cost_USD": 3916.4322637971436,
  "Total_Storage_Cycle_Cost_USD": 396424.75296791416,
  "Total_Startup_Cost_USD": 0.0,
  "Total_Fuel_NPP_Cost_USD": 33288000.0,
  "Total_Fixed_OM_NPP_Cost_USD": 87400000.00000001,
  "Total_Annualized_Capex_USD": 13263713.500333099,
  "Electrolyzer_Annualized_Capex_USD": 13091250.0,
  "Battery_Annualized_Capex_USD": 0.0,
  "H2_Storage_Annualized_Capex_USD": 172463.50033309837,
  "Total_Profit_Calculated_USD": 42923959.43176061,
  "Objective_Value_USD": 130323959.43171892,
  "Total_H2_Produced_kg": 20221667.313734,
  "Total_H2_to_Market_Direct_kg": 0.0,
  "Total_H2_from_Storage_kg": 19420807.983057413,
  "Final_H2_Storage_Level_kg": 5082.964339512464,
  "Electrolyzer_Capacity_Factor_Actual": 0.992780168587697,
  "Total_Electrolyzer_Startups": 0,
  "Final_DegradationState_Units": 0.0,
  "Total_Deployed_ECRS_MWh": 107.46634074419178,
  "Total_Deployed_NSR_MWh": 0.0,
  "Total_Deployed_RegDown_MWh": 9736.073350468429,
  "Total_Deployed_RegUp_MWh": 34369.23099831879,
  "Total_Deployed_SR_MWh": 10.720790000000001
}