RegSizeCategory,Mean,StdDev,Median,Min,Max,Q1,Q3
Small_Reg_Cap,4.331665465032445,3.874771527843141,3.08,0.18,46.56,2.25,4.8
Medium_Reg_Cap,4.683669301896807,4.495062801481324,3.15,0.18,46.56,2.13,5.71
Large_Reg_Cap,4.1090151876762855,3.847187806335147,3.03,0.18,46.56,2.18,4.38
XLarge_Reg_Cap,4.259230107131064,4.015685225045691,3.1,0.18,46.56,2.04,4.94
NoRegOffer_Or_Zero,4.0684102893890675,3.751554632457665,3.01,0.18,46.56,2.065,4.42
