RegSizeCategory,Mean,StdDev,Median,Min,Max,Q1,Q3
Small_Reg_Cap,18.086266191325013,5.943206814170541,16.75,6.39,64.22,13.81,20.66
Medium_Reg_Cap,18.746567595266935,8.764098540880987,15.96,3.86,66.28,12.69,22.62
Large_Reg_Cap,17.737995905834186,7.266781281566217,15.55,2.92,66.28,12.96,20.55
XLarge_Reg_Cap,15.797302276377662,6.1855868279587165,14.54,2.92,66.28,12.25,18.04
NoRegOffer_Or_Zero,,,,,,,
