RegSizeCategory,RegFillRate_Mean,RegFillRate_Median,SuppFillRate_Mean,SuppFillRate_Median,STRFillRate_Mean,STRFillRate_Median
Small_Reg_Cap,0.11006204559553706,0.047872340425531915,63.45037873376706,40.75,76.65473338407584,30.0
Medium_Reg_Cap,0.1472234924692278,0.16666666666666666,52.628079949501256,20.257234726688104,249.59548142818045,176.0
Large_Reg_Cap,0.08130881082170548,0.053691275167785234,103.30252620143493,128.92857142857142,219.96766087737257,173.3333327777778
XLarge_Reg_Cap,0.053056081649225484,0.0410612760581175,1634.6166026839205,1666.6666666666667,207.77788173845084,9.777777777777779
NoRegOffer_Or_Zero,,,,,0.4725513975513975,0.45045045045045046
