RegSizeCategory,Mean,StdDev,Median,Min,Max,Q1,Q3
Small_Reg_Cap,4.670494747738647,13.489914479343357,0.0,0.0,260.41,0.0,3.08
Medium_Reg_Cap,12.98500274419683,43.13619794464237,3.5,0.0,500.0,0.0,10.0
Large_Reg_Cap,7.098604049993549,15.009658655039729,2.82,0.0,260.41,0.15,8.0
XLarge_Reg_Cap,9.795935239484834,11.948273232588457,8.0,0.0,260.41,2.64,13.14
NoRegOffer_Or_Zero,1.2166666666666666,0.6836552556002914,1.7,0.25,1.7,0.25,1.7
