RegSizeCategory,Mean,StdDev,Median,Min,Max,Q1,Q3
Small_Reg_Cap,0.7266382566710373,2.539761074363548,0.18,0.0,65.4399999,0.0,0.45
Medium_Reg_Cap,0.7517888449482836,2.474653665760143,0.18,0.0,67.5699999,0.0,0.5
Large_Reg_Cap,0.522682878106855,2.0345697734973918,0.1,0.0,65.4399999,0.0,0.25
XLarge_Reg_Cap,0.3597755439935385,1.9130438803799905,0.0,0.0,67.5699999,0.0,0.18
NoRegOffer_Or_Zero,1.084372220663849,4.6560071757751365,0.0,0.0,67.5699999,0.0,0.24
