RegSizeCategory,NumUniqueUnits,TotalOfferRecords,RegOfferRecords,RegAwardRecords,SpinOfferRecords,SpinAwardRecords,SuppOfferRecords,SuppAwardRecords,STROfferRecords,STRAwardRecords,RegHitRateForCat,SpinHitRateForCat,SuppHitRateForCat,STRHitRateForCat
Small_Reg_Cap,314,2587929,1681847,8415,1879517,20805,1021662,127424,512109,91518,0.005003427779102379,0.01106933323827345,0.12472226626810042,0.17870804848186617
Medium_Reg_Cap,313,2683542,1703595,10733,1835955,35797,1406328,192012,474777,190268,0.0063002063283820395,0.019497754574594694,0.13653429356451696,0.40075235321003333
Large_Reg_Cap,311,2683625,1712941,29310,1882052,46090,1574916,22570,545870,115596,0.017110922092471368,0.02448922771528098,0.01433092304605452,0.21176470588235294
XLarge_Reg_Cap,312,2648026,1960145,155027,2142892,184727,1906986,6421,575894,359358,0.07908955715010879,0.08620453107296121,0.0033670934133758715,0.6240002500460154
NoRegOffer_Or_Zero,99,695357,2880,0,183963,62200,102976,89874,96179,13723,0.0,0.33811146806694825,0.8727664698570541,0.14268187442165128
