RegSizeCategory,Mean,StdDev,Median,Min,Max,Q1,Q3
Small_Reg_Cap,0.595243753139126,2.3216456938839802,0.2,0.17,44.87,0.18,0.26
Medium_Reg_Cap,0.5879694498260526,2.286677535399736,0.2,0.17,44.87,0.2,0.26
Large_Reg_Cap,0.30203234381922905,0.8746133426314235,0.2,0.18,36.31,0.18,0.24
XLarge_Reg_Cap,0.3616757514405856,1.4736331736088575,0.2,0.18,44.87,0.18,0.22
NoRegOffer_Or_Zero,0.5350379420076997,2.1497355191239964,0.2,0.18,44.87,0.18,0.24
