RegSizeCategory,Mean,StdDev,Median,Min,Max,Q1,Q3
Small_Reg_Cap,3.825351917540517,12.652566191338371,0.0,0.0,100.0,0.0,1.0
Medium_Reg_Cap,7.56478392988935,17.576918864832738,1.04,0.0,100.0,0.01,9.5
Large_Reg_Cap,5.096174574347574,12.837310182788084,1.0,0.0,100.0,0.22,4.0
XLarge_Reg_Cap,5.275604001508242,12.871619792183065,2.5,0.0,100.0,0.32,4.0
NoRegOffer_Or_Zero,11.027644099101968,24.987300959397047,3.0,0.0,100.0,0.1,10.54
