{
  "Target_ISO": "ERCOT",
  "Simulation_Mode": "Dispatch Execution",
  "Optimal_Electrolyzer_Capacity_MW": 150.0,
  "Optimal_Battery_Capacity_MWh": 0.0,
  "Optimal_Battery_Power_MW": 0.0,
  "Optimal_H2_Storage_Capacity_kg": 18831.266110623255,
  "Optimal_H2_Constant_Sales_Rate_kg_hr": 3362.0338338489823,
  "Total_Revenue_USD": 241092868.66208518,
  "Total_Energy_Revenue_USD": 53403607.42841627,
  "Total_Hydrogen_Revenue_USD": 180331512.86628982,
  "Total_Hydrogen_Sales_Revenue_USD": 88344163.05204973,
  "Total_Hydrogen_Subsidy_Revenue_USD": 91987349.81424014,
  "Total_Ancillary_Revenue_USD": 7357748.367379084,
  "Total_Hourly_Opex_USD": 134433041.27586615,
  "Total_NPP_Opex_USD": 123923586.15218818,
  "Total_H2_Battery_Opex_USD": 10509455.123677948,
  "Total_VOM_Cost_USD": 12216249.16969597,
  "Total_Water_Cost_USD": 919873.4981424012,
  "Total_Ramping_Cost_USD": 7813.5651401777695,
  "Total_Storage_Cycle_Cost_USD": 601105.0428876329,
  "Total_Startup_Cost_USD": 0.0,
  "Total_Fuel_NPP_Cost_USD": 33288000.0,
  "Total_Fixed_OM_NPP_Cost_USD": 87400000.00000001,
  "Total_Annualized_Capex_USD": 19899834.79996874,
  "Electrolyzer_Annualized_Capex_USD": 19636875.0,
  "Battery_Annualized_Capex_USD": 0.0,
  "H2_Storage_Annualized_Capex_USD": 262959.7999687432,
  "Total_Profit_Calculated_USD": 86759992.58625028,
  "Objective_Value_USD": 174159992.58619407,
  "Total_H2_Produced_kg": 30662449.93808005,
  "Total_H2_to_Market_Direct_kg": 0.0,
  "Total_H2_from_Storage_kg": 29448054.350683235,
  "Final_H2_Storage_Level_kg": 5165.887600860144,
  "Electrolyzer_Capacity_Factor_Actual": 0.9905215866485492,
  "Total_Electrolyzer_Startups": 0,
  "Final_DegradationState_Units": 0.0,
  "Total_Deployed_ECRS_MWh": 214.47681191280913,
  "Total_Deployed_NSR_MWh": 0.0,
  "Total_Deployed_RegDown_MWh": 15056.224813339164,
  "Total_Deployed_RegUp_MWh": 53180.6555006727,
  "Total_Deployed_SR_MWh": 21.441580000000002
}